date,store,category,name,qty,weight_kg,unit_price,total_price,discount,iva_band
2026-07-02,Continente,Mercearia Salgada,SNACK BAT PAPRIKA PRINGL 175G,1.0,,2.49,2.49,0.5,C
2026-07-02,Continente,Mercearia Salgada,PRINGLES LOADED FRIES 165G,1.0,,1.99,1.99,1.26,C
2026-07-02,Continente,Mercearia Salgada,PRINGLES CHEESEBURGUER 165G,1.0,,1.99,1.99,1.26,C
2026-07-02,Continente,Mercearia Salgada,(I) FRASCO PRETZELS STICKS CNT,1.0,,1.69,1.69,0.0,C
2026-07-02,Continente,Soft Drinks,CERV.C/ALC.STELLA ARTOIS TP 33C,1.0,,2.29,2.29,0.0,C
2026-07-02,Continente,Soft Drinks,CERV C/ALC PERONI NASTRO AZZURR,1.0,,1.99,1.99,0.0,C
2026-07-02,Continente,Charcutaria&Queijos,QJ COTTAGE PHILADELPHIA 175G,1.0,,1.89,1.89,0.0,A
2026-07-02,Continente,Pequeno Almoco,CCAFE DELTA ANGOLAF ANGOL DELTA,1.0,,3.89,3.89,2.1,C
2026-07-02,Continente,Frutas e Legumes,BANANA,1.0,,1.47,1.47,0.0,A
2026-06-27,Continente,Mercearia Salgada,SNAC BAT NATAS&CEBOLA PRINGL 17,1.0,,2.49,2.49,0.5,C
2026-06-27,Continente,Mercearia Salgada,SARDINHA TOMATE RAMIREZ 125G,1.0,,1.79,1.79,0.0,A
2026-06-27,Continente,Mercearia Salgada,PETINGA EM TOMATE RAMIREZ 90G,1.0,,1.34,1.34,0.45,A
2026-06-27,Continente,Mercearia Salgada,SARDINHA TOM PIC BOMPET 78G,1.0,,1.69,1.69,0.0,A
2026-06-27,Continente,Mercearia Salgada,PAPRIKA MARGAO SAQ. 35G,1.0,,1.44,1.44,0.0,C
2026-06-27,Continente,Mercearia Salgada,PAPRIKA FUMADA MARGAO SAQ 35G,1.0,,1.59,1.59,0.0,C
2026-06-27,Continente,Mercearia Salgada,PIMENTAO DOCE COLORAU MARGAO SA,1.0,,1.84,1.84,0.0,C
2026-06-27,Continente,Mercearia Salgada,MIST ERVAS CARNE SAQ 24G MARGAO,1.0,,2.54,2.54,0.85,C
2026-06-27,Continente,Mercearia Salgada,MAIONESE CONTINENTE FRASCO 419G,1.0,,1.89,1.89,0.0,C
2026-06-27,Continente,Mercearia Salgada,ERVILHAS COZIDAS CONTINENTE 260,1.0,,0.89,0.89,0.0,C
2026-06-27,Continente,Mercearia Salgada,KETCHUP PICANTE CONTINENTE 560G,1.0,,1.49,1.49,0.0,C
2026-06-27,Continente,Mercearia Salgada,FILETE DE CAVALA OLEO CNT 85G,1.0,,1.49,1.49,0.0,A
2026-06-27,Continente,Mercearia Salgada,MOLHO DE SOJA CONTINENTE 200ML,3.0,,0.99,2.97,0.0,C
2026-06-27,Continente,Mercearia Salgada,TORTILHA TRIGO WRAP CNT 370G,1.0,,1.59,1.59,0.0,C
2026-06-27,Continente,Mercearia Salgada,MOLHO SWEET CHILLI CNT 200ML,1.0,,1.49,1.49,0.0,C
2026-06-27,Continente,Mercearia Doce,BOLACHA TUC CREAM CR BACON 100G,1.0,,0.99,0.99,0.45,C
2026-06-27,Continente,Mercearia Doce,BOLACHA TUC CREAM CR ONION 100G,1.0,,0.99,0.99,0.45,C
2026-06-27,Continente,Mercearia Doce,MARSHMALLOWS CONTINENTE 300GR,1.0,,1.99,1.99,0.0,C
2026-06-27,Continente,Mercearia Doce,TABLETE MILKA CHOC LEITE 90G,1.0,,2.49,2.49,0.0,C
2026-06-27,Continente,Mercearia Doce,TAB CHOC LEITE MILKA BUBBLY90G,1.0,,2.49,2.49,0.0,C
2026-06-27,Continente,Mercearia Doce,SNACK KINDER DELICE CACAU 390G,1.0,,6.79,6.79,0.0,C
2026-06-27,Continente,Mercearia Doce,GOMAS FINI LAPIS BRILHO 90G,1.0,,1.29,1.29,0.0,C
2026-06-27,Continente,Soft Drinks,COMPAL FAMILIA LARANJA/TANG 1L,1.0,,1.29,1.29,0.0,A
2026-06-27,Continente,Soft Drinks,NECT.CONTINENTE LARANJA 1L,1.0,,1.19,1.19,0.0,A
2026-06-27,Continente,Soft Drinks,AGUA S/GAS MONCHIQUE 5L,5.0,,1.65,8.25,0.0,B
2026-06-27,Continente,Higiene,DEO ROLL ON MEN 50ML,1.0,,2.69,2.69,1.8,C
2026-06-27,Continente,Higiene,PASTA AQUA PROTECAO CARIES 75ML,1.0,,1.86,1.86,0.63,C
2026-06-27,Continente,Higiene,GEL DE BANHO 2EM1 400ML,1.0,,1.39,1.39,0.0,C
2026-06-27,Continente,Higiene,GEL DE BANHO 2EM1 400ML,1.0,,1.39,1.39,0.0,C
2026-06-27,Continente,Higiene,SL CREMOSO DOYPACK MYLABEL 1L,1.0,,1.59,1.59,0.0,C
2026-06-27,Continente,Higiene,GB PALM AROMA DELIGHT 500ML,1.0,,2.99,2.99,2.0,C
2026-06-27,Continente,Higiene,PASTA COLGATE MA* WHITE 75ML,1.0,,2.31,2.31,0.78,C
2026-06-27,Continente,Limpeza do Lar,ESF SALVA-UNHAS CONTINENTE 3UN,2.0,,0.45,0.9,0.0,C
2026-06-27,Continente,Limpeza do Lar,ROLO COZ. CNT MEGA ROLO MUL 1R,1.0,,2.9,2.9,0.0,C
2026-06-27,Continente,Limpeza do Lar,TIRA GORDURA MISTOLIN RECARG,2.0,,2.49,4.98,1.4,C
2026-06-27,Continente,Limpeza do Lar,BLOCO BREF PODER ATIVO EUCALIPT,1.0,,4.39,4.39,4.39,C
2026-06-27,Continente,Limpeza do Lar,DET LIQ ESS PROV A +100D & AMA,1.0,,13.99,13.99,20.99,C
2026-06-27,Continente,Limpeza do Lar,DET ULTRA PODER ORIG 1250 ML,1.0,,7.69,7.69,0.0,C
2026-06-27,Continente,Limpeza do Lar,SPRAY CIF POWER&SHINE WC 750ML,1.0,,2.99,2.99,3.0,C
2026-06-27,Continente,Congelados,GEL BAUN/MORA E CONTINENTE 2LT,1.0,,3.29,3.29,0.0,C
2026-06-27,Continente,Congelados,GEL COCOS CNT 2X180ML,1.0,,2.79,2.79,0.0,C
2026-06-27,Continente,Congelados,GEL.MORANGO CONTINENTE 1LT,1.0,,2.69,2.69,0.0,C
2026-06-27,Continente,Congelados,GEL. CART.YOGHURT&F.FRUITS 825M,1.0,,3.29,3.29,2.7,C
2026-06-27,Continente,Congelados,GEL.CARTE D OR ART. STRAW. MER,1.0,,3.29,3.29,2.7,C
2026-06-27,Continente,Laticinios/Beb. Veg.,IOG SOL PROTEICO FRAMBOESA LIND,2.0,,1.09,2.18,1.22,A
2026-06-27,Continente,Laticinios/Beb. Veg.,IOG PROTEICO SOLIDO STRACCIATEL,4.0,,1.19,4.76,2.04,A
2026-06-27,Continente,Laticinios/Beb. Veg.,LINDAHLS SOL ANANAS COCO 1X160G,2.0,,1.09,2.18,1.22,A
2026-06-27,Continente,Laticinios/Beb. Veg.,OVOS M DONA GEMA 2DZ,1.0,,5.99,5.99,0.0,A
2026-06-27,Continente,Laticinios/Beb. Veg.,LEITE GORDO CONTINENTE 6*1L (R),1.0,,5.94,5.94,0.0,A
2026-06-27,Continente,Laticinios/Beb. Veg.,MANTEIGA S/ SAL CNT 250G,3.0,,1.99,5.97,0.0,A
2026-06-27,Continente,Laticinios/Beb. Veg.,NATA UHT PARMAL 2X200ML,1.0,,2.1,2.1,0.28,A
2026-06-27,Continente,Bens Essenciais,MASSA CANNELLONI MILANEZA 250G,1.0,,1.33,1.33,0.45,A
2026-06-27,Continente,Bens Essenciais,MASS COTOVELOS GROSSOS CNT 500G,1.0,,0.79,0.79,0.0,A
2026-06-27,Continente,Bens Essenciais,MASS COTOVELOS GROSSOS CNT 500G,1.0,,0.79,0.79,0.0,A
2026-06-27,Continente,Bens Essenciais,FARINHA TRIGO S/F CNT T55 1KG,1.0,,0.59,0.59,0.0,A
2026-06-27,Continente,Bens Essenciais,LASANHA C/OVO CONTINENTE 500G,2.0,,1.59,3.18,0.0,A
2026-06-27,Continente,Bens Essenciais,MASSA NINHOS C/OVOS CNT 500G,1.0,,1.89,1.89,0.0,A
2026-06-27,Continente,Bens Essenciais,ACUCAR MASCAVADO CONTINENTE 1KG,1.0,,2.39,2.39,0.0,C
2026-06-27,Continente,Talho,PORCO ENTRECOSTO PARA GRELHAR,1.0,,3.27,3.27,0.0,A
2026-06-27,Continente,Talho,PORCO ENTRECOSTO PARA GRELHAR,1.0,,3.57,3.57,0.0,A
2026-06-27,Continente,Talho,NOVILHO JARDINEIRA NAC CNT LS,1.0,0.7,7.97,7.97,0.0,A
2026-06-27,Continente,Talho,NOVILHO JARDINEIRA NAC CNT LS,1.0,0.75,8.55,8.55,0.0,A
2026-06-27,Continente,Talho,PEITO FRANGO FAMILIAR CNT LS,1.0,1.3,8.56,8.56,0.0,A
2026-06-27,Continente,Talho,PEITO FRANGO FAMILIAR CNT LS,1.0,1.33,8.97,8.97,0.0,A
2026-06-27,Continente,Talho,ASAS DE FRANGO EMB. FAM. LS,1.0,1.0,2.71,2.71,0.0,A
2026-06-27,Continente,Talho,ASAS DE FRANGO EMB. FAM. LS,1.0,0.97,2.24,2.24,0.0,A
2026-06-27,Continente,Talho,FRANGO COMPLETO PEDACOS LS,1.0,1.0,5.75,5.75,0.0,A
2026-06-27,Continente,Talho,FRANGO COMPLETO PEDACOS LS,1.0,1.0,5.36,5.36,0.0,A
2026-06-27,Continente,Talho,PORCO CACHACO INT. S/OSSO LS,1.0,2.0,14.47,14.47,0.0,A
2026-06-27,Continente,Talho,PORCO CACHACO INT. S/OSSO LS,1.0,2.0,13.55,13.55,0.0,A
2026-06-27,Continente,Talho,PERU PERNA DESOSSADA LS KG,1.0,1.3,8.12,8.12,0.0,A
2026-06-27,Continente,Talho,SALS. FRESCAS PORCO QUEIJO CNT,1.0,,3.99,3.99,0.0,A
2026-06-27,Continente,Talho,SALSICHAS FRESCAS CNT 500G,1.0,,2.99,2.99,0.0,A
2026-06-27,Continente,Peixaria,MIOLO CAMARAO 80/100 CNT 500G,2.0,,6.19,12.38,0.0,C
2026-06-27,Continente,Peixaria,RED FISH 1.5KG CNT PK POUPANCA,1.0,,9.49,9.49,0.0,A
2026-06-27,Continente,Peixaria,FILETES PESCADA ARG PESCANOVA,1.0,,9.99,9.99,3.37,A
2026-06-27,Continente,Charcutaria&Queijos,BACON FUM TIRAS CNT 150G,1.0,,1.69,1.69,0.0,C
2026-06-27,Continente,Charcutaria&Queijos,QJ VACA AMANTEIGADO CNT UN,1.0,,4.49,4.49,0.0,A
2026-06-27,Continente,Charcutaria&Queijos,QJ COTTAGE PHILADELPHIA 175G,1.0,,1.89,1.89,0.0,A
2026-06-27,Continente,Pequeno Almoco,CEREAIS MUESLI CNT FRUTOS 500G,1.0,,2.29,2.29,0.0,C
2026-06-27,Continente,Frutas e Legumes,PEPINO CNT KG,1.0,0.5,1.76,1.76,0.0,A
2026-06-27,Continente,Frutas e Legumes,MELAO BRANCO,1.0,,7.59,7.59,0.0,A
2026-06-27,Continente,Padaria,CROUTONS C.AZ/ALHO/SALSA CONTIN,3.0,,0.78,2.34,0.0,A
2026-06-27,Continente,Vinho e Espirituosas,CREME DE PASTEL DE NATA 35 70CL,1.0,,13.19,13.19,1.0,C
2026-06-27,Continente,Vinho e Espirituosas,VVR ALBEN JARDI,1.0,,3.89,3.89,0.0,B
2026-06-27,Continente,Vinho e Espirituosas,VB COTTO PREMIU,1.0,,3.99,3.99,9.5,B
2026-06-27,Continente,Vinho e Espirituosas,GINJA OBIDOS MARIQUINHAS,1.0,,16.99,16.99,0.0,C
2026-06-27,Continente,Take Away,PIZZA BARBECUE CNT 400G,3.0,,2.89,8.67,0.0,B
2026-06-27,Continente,Take Away,PIZZA PEPPERONI CNT 410G,3.0,,2.89,8.67,0.0,B
2026-06-27,Continente,DIY,DESENTUPIDOR ENERGY 1LT UHU,1.0,,4.81,4.81,0.98,C
2026-06-27,Continente,Casa-Cozinha/Lavand,FRIGIDEIRA ALUMINIO 28CM LEVE,1.0,,16.0,16.0,0.0,C
2026-06-27,Continente,Casa-Mesa/Mobiliario,CJ. 6 CALICES VINHO 46CL BAGA,1.0,,8.1,8.1,0.0,C
2026-06-27,Continente,Nao Vestuario Adulto,CHINELOS,1.0,,2.99,2.99,0.0,C
2026-06-27,Continente,Interiores Infantil,MEIAS,1.0,,5.99,5.99,0.0,C
2026-06-27,Continente,Interiores Infantil,"6,00% 173,68 10,42",1.0,,184.1,184.1,0.0,A
2026-06-27,Continente,Interiores Infantil,"13,00% 29,62 3,85",1.0,,33.47,33.47,0.0,B
2026-06-27,Continente,Interiores Infantil,"23,00% 155,67 35,81",1.0,,191.48,191.48,0.0,C
2026-06-27,Continente,Saude e Higiene,GEL CICALLIUM 8ML ELGYDIUM,1.0,,13.95,13.95,0.0,C
2026-06-20,Continente,Mercearia Salgada,MOLHO DE SOJA CONTINENTE 200ML,1.0,,0.99,0.99,0.0,C
2026-06-20,Continente,Soft Drinks,AGUA S/GAS MONCHIQUE 5L,1.0,,1.65,1.65,0.0,B
2026-06-20,Continente,Soft Drinks,CERV C/ALC PERONI NASTRO AZZURR,2.0,,1.99,3.98,0.0,C
2026-06-20,Continente,Laticinios/Beb. Veg.,LEIT UHT INTEIRO CNT 1L,1.0,,0.99,0.99,0.0,A
2026-06-20,Continente,Laticinios/Beb. Veg.,OVOS M DONA GEMA 2DZ,1.0,,5.99,5.99,0.0,A
2026-06-20,Continente,Bens Essenciais,OLEO ALIMENTAR FULA SUPER 5 3L,1.0,,5.73,5.73,2.46,B
2026-06-20,Continente,Bens Essenciais,FARINHA TRIGO S/F CNT T55 1KG,1.0,,0.59,0.59,0.0,A
2026-06-20,Continente,Frutas e Legumes,SALADA CAMPONESA CNT 250GR,1.0,,1.29,1.29,0.0,A
2026-06-20,Continente,Vinho e Espirituosas,VB COTTO PREMIU,1.0,,3.99,3.99,9.5,B
2026-06-20,Continente,Casa-Cozinha/Lavand,SACO PLAS RE CNT,1.0,,0.1,0.1,0.0,C
2026-06-22,Continente,Mercearia Salgada,SAL GROSSO CONTINENTE 1KG,1.0,,0.29,0.29,0.0,A
2026-06-22,Continente,Bens Essenciais,ACUCAR BRANCO CONTINENTE 1KG,1.0,,0.89,0.89,0.0,C
2026-06-22,Continente,Padaria,PAO HAMBURGUER CNT 4UN 220GR,1.0,,0.99,0.99,0.0,A
2026-06-22,Continente,Vinho e Espirituosas,VB COTTO PREMIU,1.0,,3.99,3.99,9.5,B
2026-06-22,Continente,Vinho e Espirituosas,"6,00% 1,21 0,07",1.0,,1.28,1.28,0.0,A
2026-06-22,Continente,Vinho e Espirituosas,"13,00% 3,53 0,46",1.0,,3.99,3.99,0.0,B
2026-06-22,Continente,Vinho e Espirituosas,"23,00% 0,72 0,17",1.0,,0.89,0.89,0.0,C
2026-07-03,Lidl,,BATATA CONSER VERMELHA 3 KG,1.0,,3.59,3.59,0.0,B
2026-07-03,Lidl,,"PAO DE QUEIJO 0,23 x12",1.0,,2.76,2.76,0.0,A
2026-07-03,Lidl,,BEBIDAS BAHAMAS,1.0,,1.49,1.49,0.0,A
2026-07-03,Lidl,,CEBOLA 2 KG,1.0,,2.45,2.45,0.0,B
2026-07-03,Lidl,,GELADO SANDWICH,1.0,,3.19,3.19,0.0,A
2026-07-03,Lidl,,PAO DE CHIA E QUINOA,1.0,0.3,1.89,1.89,0.0,B
2026-07-03,Lidl,,"CROQUETE DE CARNE 0,85 x 4",1.0,,3.4,3.4,0.0,A
2026-07-01,Lidl,,SALSICHAS FRESCAS DE PORCO,1.0,,2.79,2.79,0.71,A
2026-07-01,Lidl,,BEBIDAS BAHAMAS,1.0,,1.49,1.49,0.0,A
2026-07-01,Lidl,,Gelado Remoinho Brownie,1.0,,3.49,3.49,0.0,A
2026-07-01,Lidl,,IOG.GREGO ANANAS-LAR.-MANGA,1.0,,2.35,2.35,0.0,B
2026-07-01,Lidl,,GELADO CHUPA CHUPA COLA,1.0,,3.69,3.69,0.0,A
2026-06-26,Lidl,,PEPINOS AGRIDOCE,1.0,,1.49,1.49,0.0,A
2026-06-26,Lidl,,BEBIDAS BAHAMAS,1.0,,1.49,1.49,0.0,A
2026-06-26,Lidl,,SteamBrew Cerveja Artesanal,1.0,,0.99,0.99,0.0,A
2026-06-26,Lidl,,Strongbeer,1.0,,0.99,0.99,0.0,A
2026-06-26,Lidl,Soft Drinks,Bourbon Cola 5%,2.0,,1.49,2.98,0.0,A
2026-06-26,Lidl,,BACON FATIADO FAMILIAR,1.0,,2.79,2.79,0.0,A
2026-06-26,Lidl,,SALADA CAMPONESA,1.0,,1.19,1.19,0.0,B
2026-06-26,Lidl,,TOMATE REDONDO,1.0,,1.67,1.67,0.0,B
2026-06-26,Lidl,,BATATAS FRITAS MEL MOSTARDA,1.0,,1.49,1.49,0.0,A
2026-06-24,Lidl,Take Away,Pizza Barbecue,2.0,,2.89,5.78,0.0,A
2026-06-24,Lidl,,BEBIDAS BAHAMAS,1.0,,1.49,1.49,0.0,A
2026-06-24,Lidl,,IOGURTE GREGO MORANGO,1.0,,2.35,2.35,0.0,B
2026-06-24,Lidl,,GELADO TRES SABORES,1.0,,3.69,3.69,0.0,A
2026-06-24,Lidl,,IOGURTE GREGO NATURAL,1.0,,2.25,2.25,0.0,B
2026-06-24,Lidl,,SALAME EXTRA FATIADO,1.0,,1.39,1.39,0.0,A
2026-06-24,Lidl,,MILKA TABLETE CHOC. LEITE,1.0,,1.59,1.59,0.0,A
2026-06-24,Lidl,,MAXI WRAPS,1.0,,2.99,2.99,0.0,A
2026-05-10,Continente,Mercearia Salgada,MILHO DOCE CONTINENTE 3*140G,1.0,,1.99,1.99,0.0,C
2026-05-10,Continente,Mercearia Salgada,TORTILHA TRIGO WRAP CNT 370G,1.0,,1.59,1.59,0.0,C
2026-05-10,Continente,Mercearia Salgada,NOODLES CAMARAO INDOMIE PK 5X70,1.0,,3.39,3.39,0.0,C
2026-05-10,Continente,Mercearia Doce,DRAGEIAS M&MS AMENDOIM 330,1.0,,3.49,3.49,3.5,C
2026-05-10,Continente,Mercearia Doce,DRAGEIAS CHOCO M&M S 330G,1.0,,3.49,3.49,3.5,C
2026-05-10,Continente,Soft Drinks,NECTAR COMPAL PERA 1L,1.0,,1.59,1.59,0.0,A
2026-05-10,Continente,Soft Drinks,NECTAR COMPAL CL LAR.ALGARVE 1L,1.0,,1.69,1.69,0.3,A
2026-05-10,Continente,Soft Drinks,NECTAR LARANJA ALGARVE CNT 1L,1.0,,1.39,1.39,0.0,A
2026-05-10,Continente,Higiene,PASTA AQUA WH REVER 7 5ML,1.0,,1.98,1.98,0.67,C
2026-05-10,Continente,Laticinios/Beb. Veg.,OVOS M DONA GEMA 2DZ,1.0,,5.99,5.99,0.0,A
2026-05-10,Continente,Bens Essenciais,ESPIRAIS CNT PACK POUPANCA 1KG,1.0,,1.29,1.29,0.0,A
2026-05-10,Continente,Charcutaria&Queijos,QJ COTTAGE PHILADELPHIA 175G,1.0,,1.89,1.89,0.0,A
2026-05-10,Continente,Charcutaria&Queijos,QJ FRESCO P/ BARRAR PHILADEL SA,1.0,,1.86,1.86,0.63,A
2026-05-10,Continente,Frutas e Legumes,SALADA CAMPONESA CNT 250GR,1.0,,1.29,1.29,0.0,A
2026-05-10,Continente,Cultura,CAD MUSICA NOTE! A5 20F 60G,1.0,,1.49,1.49,0.0,C
2026-05-10,Continente,Casa-Cozinha/Lavand,SACO PLAS RE CNT,1.0,,0.1,0.1,0.0,C
2026-05-02,Continente,Mercearia Salgada,PAPRIKA MARGAO SAQ. 35G,1.0,,1.44,1.44,0.0,C
2026-05-02,Continente,Mercearia Salgada,PAPRIKA FUMADA MARGAO SAQ 35G,1.0,,1.59,1.59,0.0,C
2026-05-02,Continente,Mercearia Salgada,PIMENTAO DOCE COLORAU MARGAO SA,1.0,,1.84,1.84,0.0,C
2026-05-02,Continente,Mercearia Salgada,MIST P/ BBQ 27 GRS MARGAO 27G,1.0,,1.39,1.39,0.0,C
2026-05-02,Continente,Mercearia Salgada,MOLHO DE SOJA CONTINENTE 200ML,2.0,,0.99,1.98,0.0,C
2026-05-02,Continente,Mercearia Salgada,TORTILHA TRIGO WRAP CNT 370G,1.0,,1.59,1.59,0.0,C
2026-05-02,Continente,Higiene,DEO RO MEN EXP CARBON ICE 50ML,1.0,,2.69,2.69,1.8,C
2026-05-02,Continente,Higiene,DEO ROLL ON MEN 50ML,1.0,,2.69,2.69,1.8,C
2026-05-02,Continente,Higiene,SL COCO E MEL DOYPACK MYLABEL 1,1.0,,1.59,1.59,0.0,C
2026-05-02,Continente,Higiene,GB PALMOL GENTLE MASSAGE 500ML,1.0,,2.99,2.99,2.0,C
2026-05-02,Continente,Limpeza do Lar,ESF SALVA-UNHAS CONTINENTE 3UN,1.0,,0.45,0.45,0.0,C
2026-05-02,Continente,Limpeza do Lar,SABAO BARRA ROSA 400G,1.0,,1.49,1.49,0.0,C
2026-05-02,Continente,Limpeza do Lar,BLOCO BREF PODER ATIVO EUCALIPT,1.0,,4.39,4.39,4.39,C
2026-05-02,Continente,Limpeza do Lar,SURF LIQUIDO EXTRA EFICACIA 84D,1.0,,9.99,9.99,10.0,C
2026-05-02,Continente,Congelados,MISTURA COGUMELOS CONTINENTE,2.0,,1.89,3.78,0.0,A
2026-05-02,Continente,Laticinios/Beb. Veg.,MANTEIGA S/ SAL CNT 250G,3.0,,1.99,5.97,0.0,A
2026-05-02,Continente,Laticinios/Beb. Veg.,NATA UHT PARMALAT 3 QUEIJ 200ML,2.0,,1.35,2.7,0.0,A
2026-05-02,Continente,Beleza,GEL BARBEAR MYLABEL 200ML,1.0,,1.59,1.59,0.0,C
2026-05-02,Continente,Beleza,APAR ELE VEET MEN PEL SENS 400M,1.0,,8.99,8.99,9.0,C
2026-05-02,Continente,Beleza,CH. TRESEMME CLEANSE REP. 400ML,1.0,,3.83,3.83,2.56,C
2026-05-02,Continente,Bens Essenciais,FARINHA DE ARROZ ESPIGA 500G,1.0,,1.32,1.32,0.0,A
2026-05-02,Continente,Bens Essenciais,MASSA NOODLES WOK MILANEZA 250G,1.0,,1.48,1.48,0.5,A
2026-05-02,Continente,Bens Essenciais,MASSA ESPIRAIS CONTINENTE 500G,1.0,,0.69,0.69,0.0,A
2026-05-02,Continente,Bens Essenciais,MASSA ALETRIA CONTINENTE 500G,1.0,,1.15,1.15,0.0,A
2026-05-02,Continente,Bens Essenciais,FARINHA T65 S/ FERMENTO CNT 1KG,1.0,,0.69,0.69,0.0,A
2026-05-02,Continente,Bens Essenciais,MASSA PENNE CONTINENTE 500G,1.0,,0.79,0.79,0.0,A
2026-05-02,Continente,Talho,PORCO PA C/ OSSO,1.0,,10.19,10.19,0.0,A
2026-05-02,Continente,Talho,NOVILHO ESTUFAR NACIONAL CNT LS,1.0,1.0,11.12,11.12,0.0,A
2026-05-02,Continente,Talho,PEITO FRANGO CONTINENTE LS,1.0,1.0,4.13,4.13,0.0,A
2026-05-02,Continente,Talho,PEITO FRANGO CONTINENTE LS,1.0,1.2,5.33,5.33,0.0,A
2026-05-02,Continente,Talho,COXAS FRANGO EMB. FAMILIAR LS,1.0,0.9,3.51,3.51,0.0,A
2026-05-02,Continente,Talho,COXAS FRANGO EMB. FAMILIAR LS,1.0,0.9,3.65,3.65,0.0,A
2026-05-02,Continente,Talho,ASAS DE FRANGO EMB. FAM. LS,1.0,1.0,2.58,2.58,0.0,A
2026-05-02,Continente,Talho,ASAS DE FRANGO EMB. FAM. LS,1.0,1.0,2.42,2.42,0.0,A
2026-05-02,Continente,Talho,ESCALOPES PERU EXTRAF. EMB FAM,1.0,,7.68,7.68,0.0,A
2026-05-02,Continente,Talho,PORCO CACHACO INT. S/OSSO LS,1.0,1.0,10.74,10.74,0.0,A
2026-05-02,Continente,Talho,PORCO TIRAS VAO INT. CNT. KG LS,1.0,0.7,8.14,8.14,0.0,A
2026-05-02,Continente,Talho,PORCO TIRAS VAO INT. CNT. KG LS,1.0,0.7,6.51,6.51,0.0,A
2026-05-02,Continente,Talho,PORCO TIRAS VAO INT. CNT. KG LS,1.0,0.7,7.83,7.83,0.0,A
2026-05-02,Continente,Peixaria,DELICIAS MAR S/GLUTEN CNT 250G,3.0,,0.99,2.97,0.0,A
2026-05-02,Continente,Peixaria,LOMBOS SALMAO CNT 2*125G,1.0,,5.29,5.29,0.0,A
2026-05-02,Continente,Peixaria,MIOLO CAMARAO 80/100 CNT 500G,2.0,,6.19,12.38,0.0,C
2026-05-02,Continente,Charcutaria&Queijos,FIAMBRE PERNA EXT FT PACK FAM C,1.0,,3.89,3.89,0.0,C
2026-05-02,Continente,Charcutaria&Queijos,QJ FRESCO P/ BARRAR PHILADEL SA,1.0,,2.49,2.49,0.0,A
2026-05-02,Continente,Charcutaria&Queijos,(SZ)PATE PATO PIMEN NEGRA CAPDE,1.0,,2.99,2.99,0.0,C
2026-05-02,Continente,Charcutaria&Queijos,(SZ)PATE PATO ERVAS FINAS CAPDE,1.0,,2.99,2.99,0.0,C
2026-05-02,Continente,Charcutaria&Queijos,PATE DE PATO C/ VINHO PORTO MOR,1.0,,1.94,1.94,0.0,C
2026-05-02,Continente,Charcutaria&Queijos,PATE DE COGUMELOS MORTIER 150G,1.0,,1.94,1.94,0.0,C
2026-05-02,Continente,Pequeno Almoco,CAF BRAS CAFE DELTA BRASILDELTA,1.0,,3.89,3.89,2.1,C
2026-05-02,Continente,Pequeno Almoco,CCAFE DELTA ANGOLAF ANGOL DELTA,1.0,,3.89,3.89,2.1,C
2026-05-02,Continente,Pequeno Almoco,CHA VERDE CONTINENTE 25SAQ,2.0,,0.99,1.98,0.0,C
2026-05-02,Continente,Padaria,CROUTONS C.AZ/ALHO/SALSA CONTIN,2.0,,0.78,1.56,0.0,A
2026-05-02,Continente,Vinho e Espirituosas,VT COTTO PREMIU,1.0,,3.99,3.99,9.5,B
2026-05-02,Continente,Take Away,PIZZA BARBECUE CNT 400G,2.0,,2.89,5.78,0.0,B
2026-05-02,Continente,Take Away,PIZZA PEPPERONI CNT 410G,1.0,,2.89,2.89,0.0,B
2026-05-02,Continente,Take Away,PIZZA PEPPERONI CZ CNT 430G,1.0,,3.99,3.99,0.0,B
2026-05-02,Continente,Cultura,ESF RETRATIL AZUL,1.0,,1.99,1.99,0.0,C
2026-05-02,Continente,Cultura,TRANSFERIDOR 180 10CM NOTE!,1.0,,1.19,1.19,0.0,C
2026-05-02,Continente,DIY,CONJ 4 PILHAS A,1.0,,2.29,2.29,0.0,C
2026-05-02,Continente,Casa-Cozinha/Lavand,FACA LEGUMES 9CM ELITE CHEF,1.0,,4.0,4.0,0.0,C
2026-05-02,Continente,Casa-Cozinha/Lavand,SACO PLAS RE CNT,1.0,,0.1,0.1,0.0,C
2026-05-02,Continente,Interiores Infantil,BOXER,1.0,,12.99,12.99,0.0,C
2026-07-04,Lidl,Congelados,DOCHI COCO,1.0,,3.59,3.59,0.0,A
2026-07-04,Lidl,Soft Drinks,BEBIDAS BAHAMAS,1.0,,1.49,1.49,0.0,A
2026-07-04,Lidl,Soft Drinks,Coca Cola Regular 1l,1.0,,1.49,1.49,0.0,A
2026-06-19,Lidl,Padaria,PAO DE CHIA E QUINOA,1.0,0.3,1.89,1.89,0.0,B
2026-06-19,Lidl,Peixaria,Lombos de Salmao,1.0,,6.9,6.9,0.0,B
2026-06-19,Lidl,Soft Drinks,COCA COLA ZERO BAUNILHA,1.0,,4.49,4.49,0.0,A
2026-06-19,Lidl,Padaria,MINI BOLA BERLIM COM CREME,1.0,,2.99,2.99,0.0,A
2026-06-19,Lidl,Soft Drinks,Coca Cola Regular 1l,1.0,,1.49,1.49,0.0,A
2026-06-19,Lidl,Frutas e Legumes,BANANA,1.0,,1.09,1.09,0.0,B
2026-06-19,Lidl,Mercearia Salgada,MASSA FOLHADA FORMA RECTAN.,1.0,,0.99,0.99,0.0,A
2026-06-19,Lidl,Frutas e Legumes,BATATA CONSER VERMELHA 5 KG,1.0,,5.39,5.39,0.0,B
2026-07-05,Lidl,Soft Drinks,BEBIDAS BAHAMAS,1.0,,1.49,1.49,0.0,A
2026-07-05,Lidl,Soft Drinks,COMPAL CLASS.LARANJ ALGARVE,1.0,,1.99,1.99,0.0,B
2026-07-05,Lidl,Congelados,GELADO SANDWICH,2.0,,3.19,6.38,0.0,A
2026-07-05,Lidl,Soft Drinks,Bourbon Cola 5%,2.0,,1.49,2.98,0.0,A
2026-07-05,Lidl,Frutas e Legumes,CEREJA,1.0,,5.49,5.49,0.0,B
2026-07-05,Continente,Mercearia Salgada,ERVILHAS BONDUELLE S/AD ACUCAR,1.0,,2.59,2.59,1.4,C
2026-07-05,Continente,Mercearia Salgada,MILHO DOCE CONTINENTE 3*140G,1.0,,1.99,1.99,0.0,C
2026-07-05,Continente,Mercearia Salgada,COG. LAMINADOS CNT POUPANCA 420,1.0,,2.19,2.19,0.0,C
2026-07-05,Continente,Soft Drinks,COCA COLA ORIGINAL 4X1L,1.0,,4.75,4.75,1.21,C
2026-07-05,Continente,Soft Drinks,REF C/ GAS ZERO BAUNILHA COCACO,1.0,,1.19,1.19,0.2,C
2026-07-05,Continente,Laticinios/Beb. Veg.,IOG PROTEICO SOLIDO MORANGO LIM,2.0,,1.09,2.18,1.22,A
2026-07-05,Continente,Laticinios/Beb. Veg.,IOG SOL PROTEICO FRAMBOESA LIND,1.0,,1.09,1.09,0.61,A
2026-07-05,Continente,Laticinios/Beb. Veg.,IOG PROTEICO SOLIDO STRACCIATEL,4.0,,1.19,4.76,2.04,A
2026-07-05,Continente,Laticinios/Beb. Veg.,LINDAHLS SOL ANANAS COCO 1X160G,1.0,,1.09,1.09,0.61,A
2026-07-05,Continente,Laticinios/Beb. Veg.,BEBIDA COCO ALPRO 1L,1.0,,2.59,2.59,0.0,A
2026-07-05,Continente,Talho,MIX SAL PORCO CHUR LUSITANO CNT,1.0,,3.21,3.21,0.0,A
2026-07-05,Continente,Talho,MIX SAL PORCO CHUR LUSITANO CNT,1.0,,2.13,2.13,0.0,A
2026-07-05,Continente,Pequeno Almoco,CAF BRAS CAFE DELTA BRASILDELTA,1.0,,3.89,3.89,2.1,C
2026-07-05,Continente,Pequeno Almoco,CAFE DELTA COLOMBIA UNIVER 220G,1.0,,3.89,3.89,2.1,C
2026-07-05,Continente,Pequeno Almoco,CAF TIMO DELTACAFE DELTA TIMOR,1.0,,3.89,3.89,2.1,C
2026-07-05,Continente,Frutas e Legumes,BETERRABA SEM RAMA,1.0,,0.6,0.6,0.0,A
2026-07-05,Continente,Frutas e Legumes,TOMATE CNT KG,1.0,0.8,1.59,1.59,0.0,A
2026-07-05,Continente,Frutas e Legumes,PIMENTO VERMELHO CNT KG,1.0,0.254,0.76,0.76,0.0,A
2026-07-05,Continente,Frutas e Legumes,CEBOLA ROXA,1.0,,0.62,0.62,0.0,A
2026-07-05,Continente,Frutas e Legumes,MELAO BRANCO FRAC,1.0,1.268,1.89,1.89,0.0,A
2026-07-05,Continente,Frutas e Legumes,SALADA CAMPONESA CNT 250GR,1.0,,1.29,1.29,0.0,A
2026-07-05,Continente,Padaria,PK POUPANCA MERENDA MISTA(AB),1.0,,3.35,3.35,0.0,C
2026-07-05,Continente,Vinho e Espirituosas,LECOQ BLUE LAGOON 33CL,1.0,,1.99,1.99,0.0,C
2026-07-05,Continente,Vinho e Espirituosas,LECOQ COCKT MARGARITA 33CL,1.0,,1.99,1.99,0.0,C
2026-07-05,Continente,Vinho e Espirituosas,VT VALE DE MONCORVO DOURO,1.0,,2.99,2.99,7.0,B
2026-07-05,Continente,Take Away,PIZZA BARBECUE CNT 400G,2.0,,2.89,5.78,0.0,B
2026-07-05,Continente,Casa-Cozinha/Lavand,GARRAFA PLAST/S,1.0,,6.0,6.0,0.0,C
2026-07-05,Continente,Brand Marketing,"FRASCO TERMICO DUPLO 500ML 4,99",1.0,,4.99,4.99,0.0,C
2026-07-06,Lidl,Padaria,PAO DE CHIA E QUINOA,1.0,0.3,1.89,1.89,0.0,B
2026-07-06,Lidl,Soft Drinks,Bourbon Cola 5%,2.0,,1.49,2.98,0.0,A
2026-07-06,Lidl,Charcutaria&Queijos,FIAMBRE DA PA,1.0,,1.59,1.59,0.0,A
2026-07-06,Lidl,Charcutaria&Queijos,MORTADELA FATIADA,1.0,,0.99,0.99,0.0,A
2026-07-06,Lidl,Charcutaria&Queijos,BACON FATIADO FAMILIAR,1.0,,2.79,2.79,0.0,A
2026-07-06,Lidl,Charcutaria&Queijos,Queijo Fatiado Burguer,1.0,,1.29,1.29,0.0,B
2026-07-06,Lidl,Mercearia Salgada,BATATAS FRITAS MEL MOSTARDA,1.0,,1.49,1.49,0.0,A
2026-07-06,Lidl,Mercearia Salgada,LAYS CHOURICO,1.0,,1.45,1.45,0.0,A
2026-07-08,Lidl,Soft Drinks,BEBIDAS BAHAMAS,1.0,,1.49,1.49,0.0,A
2026-07-08,Lidl,Congelados,GELADO SANDWICH,2.0,,3.19,6.38,0.0,A
2026-07-08,Lidl,Soft Drinks,SteamBrew Cerveja Artesanal,2.0,,0.99,1.98,0.0,A
2026-07-08,Lidl,Mercearia Salgada,MAIONESE ERVAS REMOULADE,1.0,,1.89,1.89,0.0,A
2026-07-08,Lidl,Mercearia Salgada,KETCHUP LIGHT,1.0,,1.39,1.39,0.0,A
2026-07-08,Lidl,Charcutaria&Queijos,PRESUNTO RESERVA 9M,1.0,,9.67,9.67,0.0,A
2026-07-08,Lidl,Charcutaria&Queijos,PAIO YORK FATIADO,1.0,,1.69,1.69,0.0,A
2026-07-08,Lidl,Charcutaria&Queijos,QUEIJO MOZZARELLA RALADO,1.0,,3.89,3.89,0.0,B
2026-07-08,Lidl,Charcutaria&Queijos,Queijo Fatiado Burguer,1.0,,1.29,1.29,0.0,B
2026-07-09,Lidl,Padaria,PAO DE CHIA E QUINOA,1.0,0.3,1.89,1.89,0.0,B
2026-07-09,Lidl,Soft Drinks,BEBIDAS BAHAMAS,1.0,,1.49,1.49,0.0,A
2026-07-09,Lidl,Soft Drinks,SteamBrew Cerveja Artesanal,2.0,,0.99,1.98,0.0,A
2026-07-09,Lidl,Mercearia Salgada,BATATAS FRITAS MEL MOSTARDA,1.0,,1.49,1.49,0.0,A
2026-07-10,Lidl,Soft Drinks,BEBIDAS BAHAMAS,1.0,,1.49,1.49,0.0,A
2026-07-10,Lidl,Frutas e Legumes,CEBOLA ROXA,1.0,,2.16,2.16,0.0,B
2026-07-10,Continente,Mercearia Salgada,SARDINHA EM OLEO BOM PET 84G,3.0,,1.26,3.78,1.29,A
2026-07-10,Continente,Mercearia Salgada,SARD AZEITE BOM PETISCO 84G,1.0,,1.49,1.49,0.5,A
2026-07-10,Continente,Soft Drinks,BEB ENERG MONSTER ULTRA STRAWBE,1.0,,1.74,1.74,0.0,C
2026-07-10,Continente,Soft Drinks,"SIDRA SOMERS PER 0,0% TP6X20CL",1.0,,4.49,4.49,1.36,C
2026-07-10,Continente,Soft Drinks,AGUA S/GAS MONCHIQUE 5L,4.0,,1.65,6.6,0.0,B
2026-07-10,Continente,Congelados,GEL BAUN/MORA E CONTINENTE 2LT,2.0,,3.29,6.58,0.0,C
2026-07-10,Continente,Congelados,GEL BAUNA/CHOCO E CONTINENTE 2L,2.0,,3.29,6.58,0.0,C
2026-07-10,Continente,Congelados,"CARTE D OR BAUNILHA 1,3L",1.0,,2.99,2.99,2.0,C
2026-07-10,Continente,Laticinios/Beb. Veg.,LEIT UHT INTEIRO CNT 1L,2.0,,0.99,1.98,0.0,A
2026-07-10,Continente,Laticinios/Beb. Veg.,OVOS M DONA GEMA 2DZ,1.0,,5.99,5.99,0.0,A
2026-07-10,Continente,Laticinios/Beb. Veg.,MANTEIGA S/ SAL CNT 250G,5.0,,1.99,9.95,0.0,A
2026-07-10,Continente,Vinho e Espirituosas,VB COTTO PREMIU,1.0,,3.99,3.99,9.5,B
2026-07-10,Continente,Take Away,PIZZA BARBECUE CNT 400G,2.0,,2.89,5.78,0.0,B
2026-07-10,Continente,Take Away,PIZZA PEPPERONI CNT 410G,1.0,,2.89,2.89,0.0,B
2026-07-11,Lidl,Mercearia Salgada,PEPINOS AGRIDOCE,1.0,,1.49,1.49,0.0,A
2026-07-11,Lidl,Soft Drinks,SteamBrew Cerveja Artesanal,2.0,,0.99,1.98,0.0,A
2026-07-11,Lidl,Mercearia Salgada,BATATAS FRITAS MEL MOSTARDA,1.0,,1.49,1.49,0.0,A
2026-07-11,Continente,Mercearia Salgada,SALSICHA HOT DOG IZIDORO FR 8UN,1.0,,3.99,3.99,3.3,C
2026-07-11,Continente,Mercearia Salgada,MOSTARDA TOP DOWN CALVE 257G,1.0,,1.68,1.68,0.91,C
2026-07-11,Continente,Soft Drinks,CERVEJA CORONA 0.0% 33CL,2.0,,1.49,2.98,0.36,C
2026-07-11,Continente,Padaria,PAO HOT DOG BRIOCHE ST PIERRE 2,2.0,,2.49,4.98,1.0,C
2026-07-12,Lidl,Laticinios/Beb. Veg.,IOGURTE GREGO NATURAL,1.0,,2.25,2.25,0.0,B
2026-07-12,Lidl,Soft Drinks,SteamBrew Cerveja Artesanal,2.0,,0.99,1.98,0.0,A
2026-07-12,Lidl,Padaria,PAO DE CHIA E QUINOA,1.0,0.3,1.89,1.89,0.0,B
2026-07-12,Lidl,Charcutaria&Queijos,MORTADELA FATIADA,1.0,,0.99,0.99,0.0,A
2026-07-12,Lidl,Charcutaria&Queijos,SALAME EXTRA FATIADO,1.0,,1.39,1.39,0.0,A
2026-07-12,Lidl,Mercearia Salgada,LONGCHIPS SNACK BAT NA1T,2.0,,1.19,2.38,0.0,A
2026-07-14,Lidl,Mercearia Salgada,BATATAS FRITAS MEL MOSTARDA,1.0,,1.49,1.49,0.0,A
2026-07-14,Lidl,Charcutaria&Queijos,FUET EXTRA,1.0,,2.19,2.19,0.0,A
2026-07-14,Lidl,Soft Drinks,SteamBrew Cerveja Artesanal,2.0,,0.99,1.98,0.0,A
2026-07-14,Continente,Mercearia Salgada,SNACK PRINGLES BUF CHICKEN WING,1.0,,2.43,2.43,0.82,C
2026-07-14,Continente,Soft Drinks,CERV.S/ALC T/P FREE DAMM,1.0,,4.79,4.79,0.0,A
2026-07-14,Continente,Padaria,BAGEL BRIOCHE SESAMO 300G 4UN,1.0,,3.09,3.09,0.0,C
2026-07-14,Continente,Padaria,TOSTAS TOMATE PRESUNTO 110G,1.0,,1.89,1.89,0.0,C
2026-07-15,Lidl,Padaria,PAO DE CHIA E QUINOA,1.0,0.3,1.89,1.89,0.0,
2026-07-15,Lidl,Padaria,EMPANADA FRANGO E COGUMELOS,1.0,,3.59,3.59,0.0,
2026-07-15,Lidl,Soft Drinks,BEBIDAS BAHAMAS,1.0,,1.49,1.49,0.0,A
2026-07-15,Lidl,Soft Drinks,SteamBrew Cerveja Artesanal,1.0,,0.79,0.79,0.20,A
2026-07-15,Lidl,Charcutaria&Queijos,Queijo Fatiado Burguer,2.0,,1.29,2.58,0.0,B
2026-07-15,Lidl,Charcutaria&Queijos,MORTADELA FATIADA,1.0,,0.99,0.99,0.0,A
2026-07-15,Lidl,Charcutaria&Queijos,SALAME EXTRA FATIADO,1.0,,1.39,1.39,0.0,A
2026-07-15,Lidl,Mercearia Salgada,MAXI WRAPS,1.0,,2.99,2.99,0.0,A
2026-07-16,Lidl,Soft Drinks,BEBIDAS BAHAMAS,1.0,,1.49,1.49,0.0,A
2026-07-17,Lidl,Soft Drinks,SCHWEPPES AGUA TONICA,1.0,,2.09,2.09,0.0,A
2026-07-17,Lidl,Mercearia Salgada,BATATAS FRITAS MEL MOSTARDA,1.0,,1.49,1.49,0.0,A
2026-07-17,Lidl,Vinho e Espirituosas,ARMILAR PORTO WHITE,1.0,,4.49,4.49,0.0,A
2026-07-17,Lidl,Soft Drinks,SteamBrew Cerveja Artesanal,1.0,,0.79,0.79,0.2,A
2026-07-17,Lidl,Congelados,DOCHI MORANGO,1.0,,3.59,3.59,0.0,A
2026-07-17,Lidl,Soft Drinks,FANTA LARANJA +500ML GRATIS,1.0,,1.49,1.49,0.0,A
2026-07-17,Continente,Mercearia Salgada,COGUMELOS INTEIROS CNT 185G,3.0,,1.25,3.75,0.0,C
2026-07-18,Lidl,Mercearia Doce,Morangos com Acucar,1.0,,1.65,1.65,0.0,A
2026-07-18,Lidl,Padaria,PAO DE CHIA E QUINOA,1.0,0.3,1.89,1.89,0.0,B
2026-07-18,Lidl,Soft Drinks,SteamBrew Cerveja Artesanal,1.0,,0.79,0.79,0.2,A
2026-07-18,Lidl,Soft Drinks,Bourbon Cola 5%,2.0,,1.49,2.98,0.0,A
2026-07-18,Lidl,Mercearia Salgada,PRINGLES NATAS&CEBOLA 165G,1.0,,2.35,2.35,0.0,A
2026-07-19,Lidl,Casa-Cozinha/Lavand,Saco de Papel,1.0,,0.15,0.15,0.0,A
2026-07-19,Lidl,Mercearia Salgada,BATATAS FRITAS MEL MOSTARDA,1.0,,1.49,1.49,0.0,A
2026-07-19,Lidl,Soft Drinks,MonsterUltraWhite SemAcucar,1.0,,1.74,1.74,0.0,A
2026-07-19,Lidl,Soft Drinks,SteamBrew Cerveja Artesanal,2.0,,0.79,1.58,0.4,A
2026-07-19,Lidl,Mercearia Salgada,BATATA FRITA OND KETCHUP,1.0,,1.29,1.29,0.0,A
2026-07-19,Lidl,Soft Drinks,HEINEKEN LATA,2.0,,1.39,2.78,0.0,A
2026-07-22,Lidl,Congelados,GELADO SANDWICH,2.0,,3.19,6.38,0.0,A
2026-07-22,Lidl,Congelados,Gelado Morango com Chocolat,1.0,,3.59,3.59,0.0,A
2026-07-22,Lidl,Padaria,PAO DE CHIA E QUINOA,1.0,0.3,1.89,1.89,0.0,B
2026-07-22,Lidl,Congelados,DOCHI COCO,1.0,,3.59,3.59,0.0,A
2026-07-23,Continente,Mercearia Doce,CHOCOLATE PO CONTINENTE 125G,1.0,,0.99,0.99,0.0,C
2026-07-23,Continente,Mercearia Doce,CACAU PO CNT EQ MAGRO 125G,1.0,,1.99,1.99,0.0,C
2026-07-23,Continente,Soft Drinks,"REF C/GAS COCA-COLA 2X1,75LT",1.0,,4.29,4.29,0.49,C
2026-07-23,Continente,Soft Drinks,REF C/ GAS ZERO BAUNILHA COCACO,1.0,,1.39,1.39,0.0,C
2026-07-23,Continente,Soft Drinks,CERV.C/ALC.SAGRES RADLER 6*33,1.0,,4.99,4.99,2.0,C
2026-07-23,Continente,Laticinios/Beb. Veg.,OVOS M DONA GEMA 2DZ,1.0,,5.99,5.99,0.0,A
2026-07-23,Continente,Vinho e Espirituosas,VT PEDRA CAVADA TN RES DOU,1.0,,4.49,4.49,4.5,B
2026-07-23,Continente,Casa-Cozinha/Lavand,SACO PLAS RE CNT,1.0,,0.1,0.1,0.0,C
2026-07-24,Lidl,Charcutaria&Queijos,FUET EXTRA,1.0,,2.19,2.19,0.0,A
2026-07-24,Lidl,Soft Drinks,SteamBrew Cerveja Artesanal,3.0,,0.79,2.37,0.6,A
2026-07-24,Lidl,Padaria,PAO DE CHIA E QUINOA,1.0,0.3,1.89,1.89,0.0,B
2026-07-24,Lidl,Charcutaria&Queijos,Queijo Fatiado Burguer,1.0,,1.29,1.29,0.0,B
2026-07-26,Lidl,Congelados,GELADO SANDWICH,2.0,,3.19,6.38,0.0,A
2026-07-26,Lidl,Laticinios/Beb. Veg.,IOG.GREGO FRUTOS SILVESTRES,1.0,,2.35,2.35,0.0,B
2026-07-26,Lidl,Frutas e Legumes,TOMATE REDONDO,1.0,,1.84,1.84,0.0,B
2026-07-26,Lidl,Frutas e Legumes,ALFACE FRISADA,1.0,,0.54,0.54,0.0,B
2026-07-26,Lidl,Charcutaria&Queijos,SALAME EXTRA FATIADO,1.0,,1.39,1.39,0.0,A
2026-07-26,Lidl,Charcutaria&Queijos,FIAMBRE PERNA EXTRA FAMILIA,1.0,,2.59,2.59,0.0,A
2026-07-26,Lidl,Charcutaria&Queijos,Queijo Fatiado Burguer,2.0,,1.29,2.58,0.0,B
2026-07-26,Lidl,Padaria,PAO DE CHIA E QUINOA,1.0,,1.89,1.89,0.0,B
2026-07-26,Continente,Mercearia Salgada,WRAPS MEXIFOODS 6 UN 370G,1.0,,2.19,2.19,0.7,C
2026-07-26,Continente,Soft Drinks,MONSTER VIKING BERRY LT 50CL SD,1.0,,1.39,1.39,0.35,C
2026-07-26,Continente,Soft Drinks,"SIDRA SOMERS MOR/LIM 0,0% LAT 3",1.0,,0.99,0.99,0.25,C
2026-07-26,Continente,Frutas e Legumes,CURGETE VERDE,1.0,0.974,1.4,1.4,0.0,A
2026-07-26,Continente,Frutas e Legumes,PEPINO CNT KG,1.0,0.912,1.17,1.17,0.0,A
2026-07-26,Continente,Frutas e Legumes,BANANA,1.0,1.338,1.73,1.73,0.0,A
2026-07-26,Continente,Frutas e Legumes,TOMATE KUMATO,1.0,0.33,0.99,0.99,0.0,A
2026-07-26,Continente,Frutas e Legumes,PAPAIA FRACIONADA KG,1.0,0.336,1.4,1.4,0.0,A
2026-07-26,Continente,Frutas e Legumes,MELAO BRANCO FRAC,1.0,2.082,2.47,2.47,0.0,A
2026-07-26,Continente,Frutas e Legumes,SEMENTES CHIA CEMPORCENTO 150G,1.0,,2.29,2.29,0.0,A
2026-07-26,Continente,Padaria,PK POUPANCA MERENDA MISTA(AB),1.0,,3.35,3.35,0.0,C
2026-07-26,Continente,Casa-Cozinha/Lavand,SACO PLAS RE CNT,2.0,,0.1,0.2,0.0,C
2026-07-26,Lidl,Vinho e Espirituosas,ARMILAR PORTO WHITE,1.0,,4.49,4.49,0.0,A
2026-07-26,Lidl,Soft Drinks,SCHWEPPES AGUA TONICA,1.0,,2.15,2.15,0.0,A
2026-07-27,Lidl,Congelados,GELADO SANDWICH,1.0,,3.19,3.19,0.0,A
2026-07-27,Lidl,Soft Drinks,NECTAR DE PERA,1.0,,0.89,0.89,0.1,B
2026-07-27,Lidl,Soft Drinks,NECTAR DE PESSEGO,1.0,,0.89,0.89,0.0,B
2026-07-27,Lidl,Casa-Cozinha/Lavand,SACOS LIXO 30 L C/ATILHO,1.0,,1.75,1.75,0.0,A
2026-07-27,Lidl,Charcutaria&Queijos,MORTADELA FATIADA,1.0,,0.99,0.99,0.0,A
2026-07-27,Lidl,Padaria,PAO DE CHIA E QUINOA,1.0,,1.89,1.89,0.0,B
2026-07-28,Lidl,Vinho e Espirituosas,TINTO DAO DOC RSV,1.0,,2.99,2.99,0.0,C
2026-07-28,Lidl,Soft Drinks,SUMO PESSEGO E UVA,1.0,,1.29,1.29,0.2,B
2026-07-28,Lidl,Laticinios/Beb. Veg.,OVOSM GALINHAS CRIADAS SOLO,1.0,,5.75,5.75,0.0,B
2026-07-28,Lidl,Congelados,GELADO SANDWICH,1.0,,3.19,3.19,0.0,A
2026-07-28,Lidl,Charcutaria&Queijos,Queijo Fatiado Burguer,1.0,,1.29,1.29,0.0,B
2026-07-28,Lidl,Padaria,PAO DE CHIA E QUINOA,1.0,,1.89,1.89,0.0,B
2026-07-29,Lidl,Soft Drinks,SCHWEPPES AGUA TONICA,1.0,,2.15,2.15,0.0,A
2026-07-29,Lidl,Mercearia Salgada,MAXI WRAPS,1.0,,2.99,2.99,0.0,A
2026-07-29,Lidl,Soft Drinks,AGUA S/GAS MONCHIQUE 5L,1.0,,1.65,1.65,0.0,C
2026-07-29,Lidl,Vinho e Espirituosas,ARMILAR PORTO WHITE,1.0,,4.49,4.49,0.0,A
2026-07-30,Lidl,Congelados,GELADO CONE DE NATA,1.0,,2.69,2.69,0.0,A
2026-07-30,Lidl,Soft Drinks,SteamBrew Cerveja Artesanal,2.0,,0.79,1.58,0.4,A
2026-07-30,Lidl,Congelados,GELADO SANDWICH,1.0,,3.19,3.19,0.0,A
2026-07-30,Lidl,Congelados,MOCHI COCO,1.0,,2.89,2.89,0.06,A
2026-07-30,Lidl,Casa-Cozinha/Lavand,Picadora Multiusos 260-0496421,1.0,,9.99,9.99,0.0,A
2026-07-30,Lidl,Charcutaria&Queijos,MORTADELA FATIADA,1.0,,0.99,0.99,0.0,A
2026-07-30,Lidl,Padaria,PAO DE CHIA E QUINOA,1.0,,1.89,1.89,0.0,B
2026-07-30,Lidl,Mercearia Salgada,BATATAS FRITAS CAMPONESAS,1.0,,1.19,1.19,0.2,A
2026-07-30,Lidl,Soft Drinks,MonsterUltraWhite SemAcucar,1.0,,1.74,1.74,0.0,A
2026-07-30,Lidl,Soft Drinks,SCHWEPPES AGUA TONICA,1.0,,2.15,2.15,0.0,A
2026-07-31,Lidl,Charcutaria&Queijos,SALSICHAS ESTALADICAS,1.0,,3.99,3.99,1.0,A
2026-07-31,Lidl,Soft Drinks,AGUA S/GAS MONCHIQUE 5L,1.0,,1.65,1.65,0.0,C
2026-07-31,Lidl,Congelados,Gelado de Fruta Morango,1.0,,2.79,2.79,0.0,A
2026-07-31,Lidl,Charcutaria&Queijos,QUEIJO MOZZARELLA RALADO,1.0,,3.79,3.79,0.1,B
2026-07-31,Lidl,Frutas e Legumes,TOMATE CHUCHA,1.0,,1.3,1.3,0.0,B
2026-07-31,Lidl,Frutas e Legumes,ALFACE FRISADA,1.0,,0.59,0.59,0.0,B
2026-07-31,Lidl,Casa-Cozinha/Lavand,PAPEL VEGETAL,1.0,,1.25,1.25,0.0,A
2026-07-31,Lidl,Mercearia Salgada,MAXI WRAPS,1.0,,2.99,2.99,0.0,A
2026-08-01,Continente,Mercearia Salgada,MILHO DOCE BONDUELLE 3*140G,1.0,,2.59,2.59,1.4,C
2026-08-01,Continente,Mercearia Salgada,TORTILHA TRIGO WRAP CNT 370G,2.0,,1.59,3.18,0.0,C
2026-08-01,Continente,Soft Drinks,MONSTER VIKING BERRY LT 50CL,1.0,,1.74,1.74,0.0,C
2026-08-01,Continente,Soft Drinks,AGUA S/GAS MONCHIQUE 5L,5.0,,1.65,8.25,0.0,B
2026-08-01,Continente,Higiene,PASTA AQUA WH REVER 7 5ML,1.0,,1.98,1.98,0.67,C
2026-08-01,Continente,Higiene,GEL DE BANHO 2EM1 400ML,1.0,,1.39,1.39,0.0,C
2026-08-01,Continente,Higiene,GEL DE BANHO 2EM1 400ML,1.0,,1.39,1.39,0.0,C
2026-08-01,Continente,Higiene,P. HIG. AUSONIA AIRDRY NOIT.8UN,1.0,,2.29,2.29,0.0,A
2026-08-01,Continente,Higiene,GB PALMOLIVE AROMA RELAX 500ML,1.0,,2.99,2.99,2.0,C
2026-08-01,Continente,Higiene,PASTA COLGATE MA* WHITE 75ML,1.0,,2.16,2.16,0.93,C
2026-08-01,Continente,Congelados,GEL BAUN/MORA E CONTINENTE 2LT,2.0,,3.29,6.58,0.0,C
2026-08-01,Continente,Congelados,GEL BAUNA/CHOCO E CONTINENTE 2L,2.0,,3.29,6.58,0.0,C
2026-08-01,Continente,Congelados,GEL COCOS CNT 2X180ML,1.0,,2.79,2.79,0.0,C
2026-08-01,Continente,Laticinios/Beb. Veg.,LEIT UHT INTEIRO CNT 1L,6.0,,0.99,5.94,0.0,A
2026-08-01,Continente,Beleza,CH.TRESEMME BIOTIN REPAIR 685ML,1.0,,5.99,5.99,2.0,C
2026-08-01,Continente,Bens Essenciais,ACUCAR MASCAVADO CONTINENTE 1KG,1.0,,1.95,1.95,0.0,C
2026-08-01,Continente,Bens Essenciais,AZEITE VE PORCA MURCA 0.5L,1.0,,6.5,6.5,0.0,A
2026-08-01,Continente,Talho,PORCO TIRAS VAO INT. CNT. KG LS,1.0,1.304,9.11,9.11,0.0,A
2026-08-01,Continente,Talho,PORCO TIRAS VAO INT. CNT. KG LS,1.0,1.166,8.15,8.15,0.0,A
2026-08-01,Continente,Talho,MINI SALSICHAS PORCO CONTINENTE,1.0,,3.49,3.49,0.0,A
2026-08-01,Continente,Talho,SALSICHAS FRESCAS CNT 500G,1.0,,2.99,2.99,0.0,A
2026-08-01,Continente,Charcutaria&Queijos,QJ VACA QUE RI 24 PORCOES 375G,1.0,,4.49,4.49,0.0,A
2026-08-01,Continente,Charcutaria&Queijos,PATE C/ CEBOLA CARAM. CAPDEVIL,1.0,,0.99,0.99,0.2,C
2026-08-01,Continente,Charcutaria&Queijos,PATE PATO C/PORTO CAPDEVILA 55G,1.0,,0.99,0.99,0.2,C
2026-08-01,Continente,Charcutaria&Queijos,PATE C/ERVAS FINAS CAPDEVILA 55,1.0,,0.99,0.99,0.2,C
2026-08-01,Continente,Charcutaria&Queijos,PATE DE COGUMELOS MORTIER 150G,1.0,,1.94,1.94,0.0,C
2026-08-01,Continente,Pequeno Almoco,INFUSAO LIPTON CAMOMILA 20PYR,1.0,,2.47,2.47,0.0,A
2026-08-01,Continente,Frutas e Legumes,PEPINO CNT KG,1.0,0.86,1.28,1.28,0.0,A
2026-08-01,Continente,Frutas e Legumes,LIMAO,1.0,0.55,1.53,1.53,0.0,A
2026-08-01,Continente,Frutas e Legumes,MELAO BRANCO,1.0,,4.87,4.87,0.0,A
2026-08-01,Continente,Frutas e Legumes,PIMENTO VERMELHO CNT KG,1.0,1.036,3.41,3.41,0.0,A
2026-08-01,Continente,Frutas e Legumes,CENOURA KG,1.0,0.764,0.83,0.83,0.0,A
2026-08-01,Continente,Frutas e Legumes,MELANCIA P/ SEM FRAC KG,1.0,4.182,4.14,4.14,0.0,A
2026-08-01,Continente,Frutas e Legumes,"CEBOLA CNT EMB. 1,5 KG",1.0,1.5,2.79,2.79,0.0,A
2026-08-01,Continente,Frutas e Legumes,CEBOLA ROXA CNT EMB.500GR,1.0,0.5,1.99,1.99,0.0,A
2026-08-01,Continente,Frutas e Legumes,BATATA ASSAR EMB. 2 KG,1.0,2,2.79,2.79,0.0,A
2026-08-01,Continente,Frutas e Legumes,BATATA VERMELHA EMB:. 5 KG,1.0,5,5.49,5.49,0.0,A
2026-08-01,Continente,Padaria,CROUTONS C.AZ/ALHO/SALSA CONTIN,2.0,,0.78,1.56,0.0,A
2026-08-01,Continente,Vinho e Espirituosas,VB CAPOTE VELHO PREM LISB 7,1.0,,4.19,4.19,6.4,B
2026-08-01,Continente,Vinho e Espirituosas,VB COTTO PREMIU,1.0,,3.99,3.99,9.5,B
2026-08-01,Continente,Casa-Mesa/Mobiliario,PARAVENTO 5 PAUS AM,1.0,,20.0,20.0,0.0,C
2026-08-02,Lidl,Congelados,CAMARAO 20/30,1.0,1.526,15.24,15.24,0.0,A
2026-08-02,Lidl,Soft Drinks,AGUA COM GAS,1.0,,1.69,1.69,0.0,C
2026-08-02,Lidl,Charcutaria&Queijos,PREPARADO CARNE PIC MISTO,3.0,1.0,8.99,26.97,0.0,B
2026-08-02,Lidl,Laticinios/Beb. Veg.,IOGURTE GREGO NATURAL,1.0,,2.25,2.25,0.0,B
2026-08-02,Lidl,Soft Drinks,BEBIDAS BAHAMAS,1.0,,1.49,1.49,0.0,A
2026-08-02,Lidl,Padaria,PAO DE CHIA E QUINOA,1.0,,1.89,1.89,0.0,B
2026-08-02,Lidl,Soft Drinks,Coca Cola Regular 1l,1.0,,1.49,1.49,0.0,A
2026-08-03,Lidl,Padaria,ARGOLA CHOCOLATE BRANCO,3.0,,0.69,2.07,0.0,A
2026-08-03,Lidl,Charcutaria&Queijos,SALSICHAS ESTALADICAS,1.0,,3.59,3.59,1.4,A
2026-08-03,Lidl,Charcutaria&Queijos,QUEIJO MOZZARELLA RALADO,1.0,,3.79,3.79,0.1,B
2026-08-03,Lidl,Mercearia Salgada,RAMEN NOODLES VACA,1.0,,0.89,0.89,0.0,A
2026-08-03,Lidl,Mercearia Salgada,MASSA INS EST ASIATIC GALIN,2.0,,0.59,1.18,0.0,A
2026-08-04,Lidl,Padaria,DELICIA DE MACA,3.0,,0.75,2.25,0.0,A
2026-08-04,Lidl,Pequeno Almoco,DELTA CAFE MOAGEM UNIVERSAL,1.0,,5.49,5.49,0.0,A
2026-08-04,Lidl,Padaria,FOLHADO DE CARNE MISTO,1.0,,0.99,0.99,0.0,A
2026-08-04,Lidl,Mercearia Doce,GOMAS COOL MIX,1.0,,1.65,1.65,0.0,A
2026-08-04,Lidl,Mercearia Salgada,CONCENTRADO DE TOMATE,1.0,,1.09,1.09,0.0,A
2026-08-04,Lidl,Frutas e Legumes,ALHO SECO NACIONAL,1.0,0.202,1.35,1.35,0.0,B
2026-08-05,Lidl,Congelados,GELADO SANDWICH,2.0,,3.19,6.38,0.0,A
2026-08-05,Lidl,Padaria,PAO DE CHIA E QUINOA,1.0,,1.89,1.89,0.0,B
2026-08-05,Lidl,Casa-Cozinha/Lavand,Ralador Pega-0496550,1.0,,1.99,1.99,0.0,A
2026-08-05,Lidl,Charcutaria&Queijos,MORTADELA FATIADA,1.0,,0.99,0.99,0.0,A
2026-08-05,Lidl,Charcutaria&Queijos,Queijo Fatiado Burguer,1.0,,1.29,1.29,0.0,B
2026-08-05,Lidl,Mercearia Salgada,BATATAS FRITAS MEL MOSTARDA,1.0,,1.49,1.49,0.0,A
2026-08-07,Lidl,Congelados,GELADO SANDWICH,2.0,,3.19,6.38,0.0,A
2026-08-07,Lidl,Padaria,PAO DE CHIA E QUINOA,1.0,,1.89,1.89,0.0,B
2026-08-07,Lidl,Casa-Cozinha/Lavand,Saco de Papel,1.0,,0.15,0.15,0.0,A
2026-08-07,Lidl,Laticinios/Beb. Veg.,IOGURTE GREGO NATURAL,1.0,,2.25,2.25,0.0,B
2026-08-07,Lidl,Soft Drinks,SteamBrew Cerveja Artesanal,1.0,,0.99,0.99,0.0,A
2026-08-07,Lidl,Mercearia Salgada,BATATAS FRITAS OBATZADA,1.0,,1.38,1.38,0.61,A
2026-08-08,Lidl,Padaria,PAO DE CHIA E QUINOA,1.0,,1.89,1.89,0.0,B
2026-08-08,Lidl,Soft Drinks,SUMOL LARANJA,1.0,,1.29,1.29,0.0,A
2026-08-08,Lidl,Soft Drinks,MonsterUltraWhite SemAcucar,1.0,,1.74,1.74,0.0,A
